vignette_id,run_id,s_norm,n_eff,condition_number,n_voices
BANCO-001,1,0.2010026197,1.7459478636,418.511670,16
BANCO-001,2,0.2033136929,1.7342649904,425.382200,15
BANCO-001,3,0.2098693216,1.7894016928,447.362948,16
BANCO-001,4,0.2028274249,1.7319827470,391.991919,15
BANCO-001,5,0.2099200333,1.7896533050,465.655777,16
BANCO-001,6,0.2076447833,1.7547256102,347.483764,15
BANCO-001,7,0.2029046767,1.7551796535,384.401841,16
BANCO-001,8,0.2062613983,1.7481642214,328.008855,15
BANCO-001,9,0.1954220612,1.7191414394,425.825769,16
BANCO-001,10,0.2037271516,1.7591867052,464.438755,16
BANCO-001,11,0.2014433595,1.7480826989,412.214576,16
BANCO-001,12,0.2023946333,1.7526993366,471.392508,16
BANCO-001,13,0.2099283293,1.7896944704,338.991504,16
BANCO-001,14,0.2144926271,1.7875693679,351.468764,15
BANCO-001,15,0.2148106591,1.8140857300,336.254320,16
BANCO-001,16,0.2114463078,1.7972426843,358.237681,16
BANCO-001,17,0.2100170031,1.7901345315,346.457274,16
BANCO-001,18,0.2044284933,1.7626108285,483.280896,16
BANCO-001,19,0.1960649843,1.7222086472,424.829064,16
BANCO-001,20,0.1999411986,1.7408172945,444.597322,16
BANCO-001,21,0.2056229001,1.7684575637,382.241351,16
BANCO-001,22,0.2123509158,1.8017560168,395.086671,16
BANCO-001,23,0.2008191108,1.7450597606,428.269176,16
BANCO-001,24,0.2066194909,1.7498602961,351.001330,15
BANCO-001,25,0.2334064660,1.8815133515,291.272160,15
BANCO-001,26,0.2020812815,1.7284866467,352.397790,15
BANCO-001,27,0.2099302549,1.7897040255,411.990695,16
BANCO-001,28,0.2038792372,1.7599286592,462.359494,16
BANCO-001,29,0.2033725078,1.7574577798,451.370939,16
BANCO-001,30,0.1943246944,1.6925580570,386.496151,15
BANCO-002,1,0.2050379454,1.7423818376,338.030001,15
BANCO-002,2,0.2022656995,1.7520728930,393.350664,16
BANCO-002,3,0.1984425725,1.7335990766,411.908726,16
BANCO-002,4,0.2157773326,1.7937992363,311.621199,15
BANCO-002,5,0.2079866944,1.7800857961,384.348943,16
BANCO-002,6,0.1937630525,1.7112519791,474.847747,16
BANCO-002,7,0.2008348936,1.7451361247,383.286371,16
BANCO-002,8,0.2306754509,1.8676495239,325.837762,15
BANCO-002,9,0.2158382351,1.8192615125,378.580230,16
BANCO-002,10,0.2123397568,1.8017002725,346.030392,16
BANCO-002,11,0.2148385503,1.8142260201,344.990277,16
BANCO-002,12,0.2091681106,1.7859261722,398.551721,16
BANCO-002,13,0.2210456861,1.8457187653,395.805944,16
BANCO-002,14,0.2131330021,1.8056671902,435.834896,16
BANCO-002,15,0.2184497264,1.8324818453,410.686620,16
BANCO-002,16,0.2007457200,1.7222464038,393.709652,15
BANCO-002,17,0.2005371602,1.7212739702,351.051140,15
BANCO-002,18,0.2044116991,1.7625287569,449.197698,16
BANCO-002,19,0.2156988552,1.8185586071,438.592764,16
BANCO-002,20,0.1927113958,1.7062695583,433.134088,16
BANCO-002,21,0.1952392095,1.7182701026,434.007877,16
BANCO-002,22,0.2059215593,1.7699225577,448.593575,16
BANCO-002,23,0.2163118992,1.7697875357,307.107476,14
BANCO-002,24,0.2331648591,1.9087913844,366.178224,16
BANCO-002,25,0.1997754055,1.7177268657,355.956663,15
BANCO-002,26,0.1980643590,1.7317821246,422.664065,16
BANCO-002,27,0.2107007140,1.7693072945,449.705904,15
BANCO-002,28,0.2081365539,1.7808255735,378.776400,16
BANCO-002,29,0.2142948241,1.8114930821,405.234843,16
BANCO-002,30,0.2132129230,1.7813852624,358.198302,15
BANCO-003,1,0.1898251953,1.6926700537,434.067276,16
BANCO-003,2,0.1912980107,1.6995962230,506.635038,16
BANCO-003,3,0.1859964104,1.6747963067,622.449575,16
BANCO-003,4,0.1936497463,1.6894672364,428.556184,15
BANCO-003,5,0.2061285474,1.7709385953,472.928718,16
BANCO-003,6,0.2079266229,1.7797893413,422.456506,16
BANCO-003,7,0.1925289611,1.7054067173,466.261464,16
BANCO-003,8,0.2035688943,1.7584149743,421.337028,16
BANCO-003,9,0.1963027083,1.7233441477,409.421486,16
BANCO-003,10,0.1893158480,1.6902813344,532.086599,16
BANCO-003,11,0.1951088679,1.7176492601,474.808372,16
BANCO-003,12,0.1893615144,1.6699613581,429.029393,15
BANCO-003,13,0.2054381839,1.7675520943,577.522155,16
BANCO-003,14,0.1959851274,1.7001858417,416.477068,15
BANCO-003,15,0.1925463231,1.7054888136,483.294506,16
BANCO-003,16,0.1954148927,1.7191072709,448.527141,16
BANCO-003,17,0.1993896460,1.7381572216,437.899621,16
BANCO-003,18,0.1968027605,1.7257351166,405.549668,16
BANCO-003,19,0.1926206622,1.7058403713,372.452574,16
BANCO-003,20,0.1944055361,1.6929286379,417.201642,15
BANCO-003,21,0.1908488308,1.6974808785,497.581093,16
BANCO-003,22,0.1981021063,1.7319633782,463.720326,16
BANCO-003,23,0.2098449399,1.7892807326,441.126403,16
BANCO-003,24,0.2037768942,1.7594293415,469.476381,16
BANCO-003,25,0.2044025162,1.7624838827,477.298116,16
BANCO-003,26,0.2122599534,1.8013016692,381.873226,16
BANCO-003,27,0.2007101314,1.7220804291,486.020661,15
BANCO-003,28,0.2017302935,1.7494739394,413.578156,16
BANCO-003,29,0.1885717629,1.6663936500,505.232487,15
BANCO-003,30,0.1983331300,1.7330731148,412.006881,16
BANCO-004,1,0.1988153987,1.7353920133,462.636129,16
BANCO-004,2,0.1969648835,1.7265110097,393.019976,16
BANCO-004,3,0.2093878291,1.7870144701,414.149194,16
BANCO-004,4,0.2150068388,1.8150727263,408.726539,16
BANCO-004,5,0.2096452052,1.7882901350,452.127599,16
BANCO-004,6,0.2242345251,1.8621097433,411.499769,16
BANCO-004,7,0.2145194478,1.8126216117,388.239543,16
BANCO-004,8,0.2211567676,1.8201221767,358.461680,15
BANCO-004,9,0.2158067438,1.8191026757,405.076569,16
BANCO-004,10,0.2045259215,1.7399675486,383.398955,15
BANCO-004,11,0.2098702839,1.7894064671,431.153826,16
BANCO-004,12,0.2070745404,1.7755895977,414.556578,16
BANCO-004,13,0.2160094810,1.8201254931,398.163035,16
BANCO-004,14,0.2108959071,1.7945021210,347.593409,16
BANCO-004,15,0.2012880352,1.7473300483,415.895674,16
BANCO-004,16,0.2081786146,1.7810332598,398.650473,16
BANCO-004,17,0.2266712467,1.8747327991,376.136885,16
BANCO-004,18,0.2108649050,1.7943478793,442.493248,16
BANCO-004,19,0.2087571957,1.7838926283,414.848434,16
BANCO-004,20,0.2213379963,1.8472152453,395.396144,16
BANCO-004,21,0.2163114888,1.8216502012,369.717779,16
BANCO-004,22,0.2150396392,1.8152377999,363.705188,16
BANCO-004,23,0.2174079052,1.8271962828,419.615665,16
BANCO-004,24,0.2107071474,1.7935632087,406.847395,16
BANCO-004,25,0.2055590084,1.7681443177,409.052044,16
BANCO-004,26,0.2203754999,1.8422923261,413.805376,16
BANCO-004,27,0.2141059062,1.8105444857,365.942879,16
BANCO-004,28,0.2252496328,1.8673579889,353.744334,16
BANCO-004,29,0.2249122757,1.8656121675,382.698334,16
BANCO-004,30,0.2136547515,1.8082811521,371.983751,16
BANCO-005,1,0.1910066278,1.6982236995,478.081618,16
BANCO-005,2,0.1738767171,1.6194533030,465.659519,16
BANCO-005,3,0.1756483180,1.6090830182,424.814422,15
BANCO-005,4,0.1909340662,1.6978820791,475.902182,16
BANCO-005,5,0.1787762590,1.6416027307,477.383017,16
BANCO-005,6,0.1788763026,1.6420581413,427.697283,16
BANCO-005,7,0.1932519470,1.7088287063,427.031630,16
BANCO-005,8,0.1725289250,1.5955475838,442.960094,15
BANCO-005,9,0.1740392278,1.6020866979,455.074488,15
BANCO-005,10,0.1797187649,1.6458981462,430.764859,16
BANCO-005,11,0.1750656402,1.6248004686,466.781338,16
BANCO-005,12,0.1729417658,1.5973323932,479.634985,15
BANCO-005,13,0.1780210902,1.6194556094,351.004039,15
BANCO-005,14,0.1718846364,1.6105333611,493.007708,16
BANCO-005,15,0.1786791005,1.6411605744,446.628901,16
BANCO-005,16,0.1809695329,1.6516158073,428.667934,16
BANCO-005,17,0.1943540593,1.6926926574,404.458366,15
BANCO-005,18,0.1731986983,1.6164118054,527.146629,16
BANCO-005,19,0.1801463897,1.6288031262,403.908535,15
BANCO-005,20,0.1804551927,1.6492621930,453.131431,16
BANCO-005,21,0.1744631250,1.6220884617,399.114309,16
BANCO-005,22,0.1748176523,1.6236836909,459.549153,16
BANCO-005,23,0.1756014083,1.6272158454,453.152845,16
BANCO-005,24,0.1759086316,1.6102177287,421.981489,15
BANCO-005,25,0.1730443507,1.6157202220,415.004845,16
BANCO-005,26,0.1809300941,1.6514352171,464.442386,16
BANCO-005,27,0.1865655400,1.6774411581,380.824754,16
BANCO-005,28,0.1886808144,1.6453275553,359.552127,14
BANCO-005,29,0.1656053058,1.5659105590,516.195904,15
BANCO-005,30,0.1810181308,1.6518383643,459.223393,16
BANCO-006,1,0.1841219306,1.6464334964,434.256229,15
BANCO-006,2,0.1695732788,1.6002453486,617.894209,16
BANCO-006,3,0.1703820906,1.6038379293,531.345561,16
BANCO-006,4,0.1728939207,1.6150464772,475.945322,16
BANCO-006,5,0.1723686033,1.5948550126,486.785603,15
BANCO-006,6,0.1764822327,1.6311946297,438.895472,16
BANCO-006,7,0.1710849023,1.6069662277,490.450945,16
BANCO-006,8,0.1835443957,1.6438604978,411.688141,15
BANCO-006,9,0.1761553812,1.5918297644,483.353045,14
BANCO-006,10,0.1792728277,1.6249545026,463.267938,15
BANCO-006,11,0.1791950163,1.6246121331,431.787921,15
BANCO-006,12,0.1858996987,1.6543790077,391.890581,15
BANCO-006,13,0.1870488210,1.6595352567,491.527977,15
BANCO-006,14,0.1739645250,1.6017626306,484.627170,15
BANCO-006,15,0.1681076987,1.5765581536,435.267750,15
BANCO-006,16,0.1832529346,1.6425635248,444.635727,15
BANCO-006,17,0.1774696368,1.6170389782,420.116015,15
BANCO-006,18,0.1727046420,1.6141991359,482.942462,16
BANCO-006,19,0.1737677143,1.6189639459,494.364071,16
BANCO-006,20,0.1885312439,1.6662108112,407.586470,15
BANCO-006,21,0.1738382454,1.6192805712,534.512195,16
BANCO-006,22,0.1708510268,1.5883141288,428.403876,15
BANCO-006,23,0.1695988858,1.5829374977,420.065948,15
BANCO-006,24,0.1757642407,1.6279506462,479.499771,16
BANCO-006,25,0.1711396152,1.5895559003,466.093949,15
BANCO-006,26,0.1736174736,1.6182896977,558.774633,16
BANCO-006,27,0.1829911553,1.6608993179,558.744355,16
BANCO-006,28,0.1689742669,1.5975898451,530.410019,16
BANCO-006,29,0.1758606450,1.6100084947,425.660606,15
BANCO-006,30,0.1818498986,1.6363344592,399.584838,15
BANCO-007,1,0.1791985621,1.6435259645,476.521566,16
BANCO-007,2,0.1779784564,1.6192686468,491.284332,15
BANCO-007,3,0.1740025272,1.6200182987,453.301680,16
BANCO-007,4,0.1784868800,1.6402861539,484.633206,16
BANCO-007,5,0.1749398300,1.6242338045,520.167889,16
BANCO-007,6,0.1755670757,1.6087290456,509.693359,15
BANCO-007,7,0.1813217359,1.6532294212,479.891278,16
BANCO-007,8,0.1859781424,1.6747114809,496.510118,16
BANCO-007,9,0.1864964295,1.6570546071,425.126894,15
BANCO-007,10,0.1723763614,1.6127305812,559.466318,16
BANCO-007,11,0.1800811747,1.6285154962,459.143559,15
BANCO-007,12,0.1975048865,1.7290978889,452.369178,16
BANCO-007,13,0.1681719167,1.5768323498,450.662439,15
BANCO-007,14,0.1788676931,1.6231727024,443.917767,15
BANCO-007,15,0.1709795853,1.6064970607,509.309364,16
BANCO-007,16,0.1720584900,1.6113098648,516.259211,16
BANCO-007,17,0.1776615931,1.6365371727,451.731172,16
BANCO-007,18,0.1815785302,1.6544069148,521.701696,16
BANCO-007,19,0.1779191361,1.6377061770,466.926125,16
BANCO-007,20,0.1660676518,1.5847668499,552.599261,16
BANCO-007,21,0.1818126596,1.6554812129,480.767082,16
BANCO-007,22,0.1737684609,1.6009123982,418.878796,15
BANCO-007,23,0.1718985141,1.6105953311,461.831665,16
BANCO-007,24,0.1762921480,1.6303351731,453.530868,16
BANCO-007,25,0.1809732495,1.6516328266,534.423001,16
BANCO-007,26,0.1770580382,1.6152375827,518.119896,15
BANCO-007,27,0.1923739013,1.6836401107,405.418810,15
BANCO-007,28,0.1815643557,1.6543418980,459.057064,16
BANCO-007,29,0.1740074143,1.6200402499,416.570279,16
BANCO-007,30,0.1756330953,1.6273588112,533.418608,16
BANCO-008,1,0.1875172612,1.6818733198,500.151401,16
BANCO-008,2,0.1722122514,1.6119969404,486.009161,16
BANCO-008,3,0.1770323687,1.6336845910,429.460723,16
BANCO-008,4,0.1760200980,1.6291059030,460.324142,16
BANCO-008,5,0.1792495588,1.6437583636,440.602376,16
BANCO-008,6,0.1766466120,1.6319382262,460.586141,16
BANCO-008,7,0.1810497159,1.6519830264,474.846749,16
BANCO-008,8,0.1771390667,1.6155920522,420.276122,15
BANCO-008,9,0.1749456070,1.6242598204,485.061340,16
BANCO-008,10,0.1758618479,1.6283912694,403.160024,16
BANCO-008,11,0.1823909704,1.6387338551,388.960721,15
BANCO-008,12,0.1777006517,1.6367144084,546.932535,16
BANCO-008,13,0.1707304072,1.6053875659,553.666467,16
BANCO-008,14,0.1815272103,1.6541715278,513.947178,16
BANCO-008,15,0.1731975379,1.6164066046,481.507735,16
BANCO-008,16,0.1909973061,1.6981798089,478.716081,16
BANCO-008,17,0.1749140727,1.6241178153,514.633319,16
BANCO-008,18,0.1786795756,1.6411627362,424.078246,16
BANCO-008,19,0.1878223833,1.6832967499,446.788987,16
BANCO-008,20,0.1735872452,1.6181540727,478.385817,16
BANCO-008,21,0.1884008739,1.6859987838,446.745783,16
BANCO-008,22,0.1740860067,1.6203933021,490.079739,16
BANCO-008,23,0.1854191972,1.6312260199,355.560152,14
BANCO-008,24,0.1804939929,1.6494396250,414.477270,16
BANCO-008,25,0.1756954081,1.6276399906,490.043656,16
BANCO-008,26,0.1826648673,1.6593974441,451.837398,16
BANCO-008,27,0.1860821350,1.6751944181,394.690324,16
BANCO-008,28,0.1748426372,1.6237961722,520.902867,16
BANCO-008,29,0.1778756474,1.6375087204,455.578872,16
BANCO-008,30,0.1739096632,1.6196012399,484.641001,16
BANCO-009,1,0.1682321396,1.5943060020,584.292868,16
BANCO-009,2,0.1736919098,1.6186237161,495.613483,16
BANCO-009,3,0.1869011336,1.6790026813,521.933132,16
BANCO-009,4,0.1976149339,1.7296255448,447.245738,16
BANCO-009,5,0.1876328423,1.6824123776,435.364851,16
BANCO-009,6,0.1813143258,1.6531954559,641.895201,16
BANCO-009,7,0.1742043380,1.6209250145,515.000953,16
BANCO-009,8,0.1676754873,1.5918472987,606.545893,16
BANCO-009,9,0.1702871730,1.6034159070,611.494383,16
BANCO-009,10,0.1760395607,1.6291938156,603.760848,16
BANCO-009,11,0.1838788615,1.6649922316,505.421913,16
BANCO-009,12,0.1894185893,1.6907628952,523.112872,16
BANCO-009,13,0.1940283291,1.7125110727,456.405284,16
BANCO-009,14,0.1879140367,1.6837245591,481.348341,16
BANCO-009,15,0.1893106233,1.6902568490,474.474562,16
BANCO-009,16,0.1866882512,1.6780119671,521.584480,16
BANCO-009,17,0.1840492431,1.6657789563,460.527126,16
BANCO-009,18,0.1750284294,1.6246328461,577.373662,16
BANCO-009,19,0.1703451925,1.6036738600,580.364071,16
BANCO-009,20,0.1697715619,1.6011253374,710.893868,16
BANCO-009,21,0.1889445738,1.6885422698,495.992337,16
BANCO-009,22,0.1733806732,1.6172275580,481.744407,16
BANCO-009,23,0.1710196401,1.6066754811,600.878810,16
BANCO-009,24,0.1871526483,1.6801739369,474.865775,16
BANCO-009,25,0.1781644082,1.6388202592,567.658627,16
BANCO-009,26,0.1887744814,1.6673087046,445.837608,15
BANCO-009,27,0.1857795071,1.6737894143,493.890918,16
BANCO-009,28,0.1726843940,1.6141085184,596.778314,16
BANCO-009,29,0.1691673123,1.5984451606,659.842759,16
BANCO-009,30,0.1790646711,1.6429159603,625.742233,16
BANCO-010,1,0.1891277193,1.6893999077,442.260728,16
BANCO-010,2,0.1694710240,1.5997917267,457.769924,16
BANCO-010,3,0.1688185411,1.5969002130,546.977935,16
BANCO-010,4,0.1902375572,1.6946064072,559.657822,16
BANCO-010,5,0.1974185514,1.7286840410,484.036003,16
BANCO-010,6,0.1767696074,1.6324948375,550.213217,16
BANCO-010,7,0.1808559572,1.6319359528,478.671181,15
BANCO-010,8,0.1871134228,1.6799912175,452.888586,16
BANCO-010,9,0.1872026318,1.6804067979,553.055401,16
BANCO-010,10,0.1813177844,1.6532113087,429.277693,16
BANCO-010,11,0.1854315399,1.6721753713,539.635139,16
BANCO-010,12,0.1802882417,1.6484989487,501.228431,16
BANCO-010,13,0.1852837723,1.6714904233,562.938608,16
BANCO-010,14,0.1968712673,1.7260629359,391.518620,16
BANCO-010,15,0.1905969167,1.6962956797,430.642311,16
BANCO-010,16,0.1830758199,1.6612892434,500.292608,16
BANCO-010,17,0.1748228512,1.6237070955,505.750409,16
BANCO-010,18,0.1951430882,1.6963133513,423.032460,15
BANCO-010,19,0.1809468545,1.6515119605,559.571559,16
BANCO-010,20,0.1875986915,1.6822530842,545.172544,16
BANCO-010,21,0.1734390013,1.6174891170,482.772362,16
BANCO-010,22,0.1825562070,1.6588975921,491.191995,16
BANCO-010,23,0.1844179174,1.6269213014,381.369899,14
BANCO-010,24,0.1825335991,1.6393669310,447.482985,15
BANCO-010,25,0.1858310911,1.6740288186,585.553364,16
BANCO-010,26,0.1801261084,1.6477580669,493.126222,16
BANCO-010,27,0.1909829013,1.6981119875,521.225814,16
BANCO-010,28,0.1823785063,1.6580804699,599.292218,16
BANCO-010,29,0.1854642084,1.6723268377,519.205234,16
BANCO-010,30,0.1930210431,1.7077350618,482.957134,16
BANCO-011,1,0.1929398572,1.7073507021,497.850379,16
BANCO-011,2,0.1803270876,1.6486765074,471.839656,16
BANCO-011,3,0.1943120746,1.7138588516,486.274644,16
BANCO-011,4,0.1858136937,1.6739480725,481.986292,16
BANCO-011,5,0.2001759588,1.7419507496,500.763043,16
BANCO-011,6,0.1909849505,1.6981216355,495.496345,16
BANCO-011,7,0.1900244639,1.6936054952,444.835148,16
BANCO-011,8,0.1849997471,1.6701746676,461.933865,16
BANCO-011,9,0.1959324667,1.6999433990,439.352126,15
BANCO-011,10,0.1806174525,1.6500043293,488.616488,16
BANCO-011,11,0.1885125872,1.6661266306,362.377059,15
BANCO-011,12,0.1831098827,1.6614461464,524.179787,16
BANCO-011,13,0.1959389081,1.6999730525,448.308675,15
BANCO-011,14,0.1874321222,1.6814763517,420.885536,16
BANCO-011,15,0.2011922822,1.7468662226,505.865464,16
BANCO-011,16,0.1897239545,1.6716012396,392.333417,15
BANCO-011,17,0.1808562801,1.6510972759,426.659221,16
BANCO-011,18,0.1914947614,1.7005236206,474.893457,16
BANCO-011,19,0.1990771055,1.7366516801,459.272810,16
BANCO-011,20,0.1954883517,1.6979001304,361.248763,15
BANCO-011,21,0.1918714626,1.7023006394,404.314848,16
BANCO-011,22,0.1920954697,1.7033582317,540.453203,16
BANCO-011,23,0.1728058890,1.6146523317,434.549496,16
BANCO-011,24,0.1813996113,1.6343403282,391.582759,15
BANCO-011,25,0.1880084818,1.6841655126,420.412051,16
BANCO-011,26,0.1914464583,1.6794168495,411.110147,15
BANCO-011,27,0.1896679808,1.6713478782,434.250831,15
BANCO-011,28,0.1889732397,1.6886764781,413.590388,16
BANCO-011,29,0.1889043064,1.6883537630,431.595955,16
BANCO-011,30,0.1808556090,1.6510942035,485.525302,16
BANCO-012,1,0.1844915818,1.6678231599,404.241882,16
BANCO-012,2,0.1961034965,1.7223925521,396.440972,16
BANCO-012,3,0.1841586378,1.6662842745,375.039663,16
BANCO-012,4,0.2079596610,1.7799523791,429.226296,16
BANCO-012,5,0.2047977822,1.7644164653,422.014677,16
BANCO-012,6,0.1847408390,1.6689761704,520.846079,16
BANCO-012,7,0.1837321282,1.6446964310,426.238479,15
BANCO-012,8,0.1988996188,1.7136578039,340.946668,15
BANCO-012,9,0.1985212290,1.7339771848,388.179707,16
BANCO-012,10,0.1864124415,1.6767292702,476.328805,16
BANCO-012,11,0.1957629218,1.7207669095,404.605493,16
BANCO-012,12,0.1902885649,1.6948460809,377.441911,16
BANCO-012,13,0.2080569550,1.7804325973,340.518098,16
BANCO-012,14,0.1867845224,1.6784599227,360.038030,16
BANCO-012,15,0.1908898899,1.6976741308,364.356977,16
BANCO-012,16,0.2057734668,1.7691959773,392.026644,16
BANCO-012,17,0.1936723491,1.7108216820,548.681416,16
BANCO-012,18,0.1768457888,1.6328396893,509.730869,16
BANCO-012,19,0.2008592950,1.7452541959,365.359115,16
BANCO-012,20,0.1864176833,1.6567012804,435.693552,15
BANCO-012,21,0.2084814144,1.7587056919,389.505025,15
BANCO-012,22,0.1924371133,1.7049724803,470.513353,16
BANCO-012,23,0.2104997693,1.7925322525,406.512712,16
BANCO-012,24,0.1985124695,1.7339350728,359.726722,16
BANCO-012,25,0.2072271870,1.7763412324,351.945326,16
BANCO-012,26,0.2023995149,1.7527230591,418.100305,16
BANCO-012,27,0.1939654203,1.6909121134,402.664090,15
BANCO-012,28,0.1919056250,1.6815064136,362.780751,15
BANCO-012,29,0.2230326934,1.8014575087,283.778629,14
BANCO-012,30,0.1984381108,1.7335776311,429.004979,16
BANCO-013,1,0.1955008820,1.6979577455,500.036642,15
BANCO-013,2,0.1938509495,1.7116690660,514.707561,16
BANCO-013,3,0.1983381433,1.7330972044,472.947022,16
BANCO-013,4,0.1995879351,1.7391130782,481.577867,16
BANCO-013,5,0.1969312096,1.7263498232,438.927514,16
BANCO-013,6,0.2085294371,1.7827664898,513.423462,16
BANCO-013,7,0.1982759090,1.7107658147,453.881743,15
BANCO-013,8,0.1803947807,1.6489859688,461.242605,16
BANCO-013,9,0.1920708096,1.7032417734,510.683057,16
BANCO-013,10,0.1899683762,1.6933421463,507.588048,16
BANCO-013,11,0.1895842310,1.6915395674,475.472492,16
BANCO-013,12,0.2007389216,1.7446718215,427.887428,16
BANCO-013,13,0.2056706739,1.7686918240,473.323209,16
BANCO-013,14,0.2157109313,1.8186194974,464.194526,16
BANCO-013,15,0.2039263731,1.7371448169,467.240901,15
BANCO-013,16,0.1968904954,1.7261549578,433.040685,16
BANCO-013,17,0.1913568773,1.6998736420,509.184902,16
BANCO-013,18,0.1871284360,1.6800611497,481.410523,16
BANCO-013,19,0.1989357076,1.7359709799,491.360297,16
BANCO-013,20,0.1831650018,1.6617000722,474.804248,16
BANCO-013,21,0.2074364641,1.7537359803,510.327796,15
BANCO-013,22,0.1968635838,1.7260261658,401.595247,16
BANCO-013,23,0.1986639954,1.7346636851,445.120088,16
BANCO-013,24,0.1857385608,1.6735994043,560.375604,16
BANCO-013,25,0.2106389692,1.7690114767,432.446333,15
BANCO-013,26,0.2087951266,1.7602004322,495.091443,15
BANCO-013,27,0.1893917503,1.6906370847,442.612082,16
BANCO-013,28,0.1918450416,1.7021759423,444.810690,16
BANCO-013,29,0.1853079974,1.6716026949,488.079005,16
BANCO-013,30,0.1971796828,1.7056947053,401.238272,15
BANCO-014,1,0.1917572516,1.6808309155,370.171481,15
BANCO-014,2,0.1918268432,1.7020900583,413.321715,16
BANCO-014,3,0.1900338375,1.6936495110,390.478382,16
BANCO-014,4,0.1799143359,1.6467908564,429.300893,16
BANCO-014,5,0.1822498439,1.6574890915,405.221277,16
BANCO-014,6,0.1880809225,1.6845038083,472.196316,16
BANCO-014,7,0.1860702328,1.6751391377,413.903944,16
BANCO-014,8,0.1878305643,1.6630522144,395.205088,15
BANCO-014,9,0.1875610114,1.6618386911,361.466185,15
BANCO-014,10,0.1894182753,1.6907614235,423.923803,16
BANCO-014,11,0.1889419935,1.6885301899,472.067348,16
BANCO-014,12,0.2090272573,1.7613072800,286.692288,15
BANCO-014,13,0.1840533698,1.6657980156,409.897334,16
BANCO-014,14,0.1881770483,1.6646133822,388.170222,15
BANCO-014,15,0.2054292478,1.7675083019,346.322965,16
BANCO-014,16,0.1800761896,1.6284935115,435.938224,15
BANCO-014,17,0.1768837732,1.6144755025,405.604141,15
BANCO-014,18,0.1838178454,1.6647105844,423.946613,16
BANCO-014,19,0.1860431993,1.6550220354,359.013672,15
BANCO-014,20,0.1897888203,1.6924993519,367.118934,16
BANCO-014,21,0.1748777261,1.6239541544,417.479260,16
BANCO-014,22,0.1933870534,1.7094689441,407.997803,16
BANCO-014,23,0.1982589476,1.7327166974,383.509879,16
BANCO-014,24,0.1818143009,1.6361767236,419.970028,15
BANCO-014,25,0.1818437993,1.6556241492,422.189546,16
BANCO-014,26,0.1850200460,1.6702686686,531.699364,16
BANCO-014,27,0.1817214382,1.6550625622,429.271795,16
BANCO-014,28,0.1957989154,1.7209386428,390.660201,16
BANCO-014,29,0.1892127265,1.6897981292,388.638955,16
BANCO-014,30,0.1738807842,1.6194715647,486.169551,16
BANCO-015,1,0.1678445458,1.5925936200,502.346441,16
BANCO-015,2,0.1582118139,1.5506222328,632.984963,16
BANCO-015,3,0.1657061953,1.5485331828,528.114025,14
BANCO-015,4,0.1638826753,1.5586226458,500.049368,15
BANCO-015,5,0.1787253546,1.6225471553,494.487241,15
BANCO-015,6,0.1726327535,1.6138774303,540.858072,16
BANCO-015,7,0.1700402619,1.5848306645,542.483803,15
BANCO-015,8,0.1854087293,1.6720696188,476.722934,16
BANCO-015,9,0.1657524654,1.5665347231,518.643004,15
BANCO-015,10,0.1733686879,1.5991801794,490.707368,15
BANCO-015,11,0.1630953716,1.5717605929,552.911877,16
BANCO-015,12,0.1676985160,1.5919489401,561.646702,16
BANCO-015,13,0.1644707094,1.5777655450,478.734394,16
BANCO-015,14,0.2011800959,1.7468072009,545.296025,16
BANCO-015,15,0.1614502253,1.5646076253,599.012399,16
BANCO-015,16,0.1721512113,1.6117241505,488.968491,16
BANCO-015,17,0.1773478275,1.6165056604,455.232744,15
BANCO-015,18,0.1719440606,1.6107987325,615.074094,16
BANCO-015,19,0.1767155362,1.6137401240,476.251899,15
BANCO-015,20,0.1690687521,1.5980084183,523.149466,16
BANCO-015,21,0.1746498558,1.6229284790,533.785414,16
BANCO-015,22,0.1515465432,1.5222298047,656.539095,16
BANCO-015,23,0.1775395500,1.6173451588,436.678064,15
BANCO-015,24,0.1829710157,1.6608065777,514.847413,16
BANCO-015,25,0.1782853999,1.6393701106,633.140956,16
BANCO-015,26,0.1553714540,1.5384588079,585.666552,16
BANCO-015,27,0.1613998978,1.5643893190,593.314966,16
BANCO-015,28,0.1775377510,1.6359753426,513.023384,16
BANCO-015,29,0.1724557705,1.6130856932,538.963713,16
BANCO-015,30,0.1640323558,1.5758491339,569.729582,16
